<?xml version="1.0"?>
<project name="db4o enhance project" default="enhance" basedir=".">

    <loadproperties srcFile="local.properties" />
    <loadproperties srcFile="project.properties" />

    <!-- #example: Define the task for the enhancement #-->
    <path id="project.classpath">
        <pathelement path="${basedir}/bin/classes"/>
    	<!-- The sdk.dir points to the Android-platform libraries -->
        <fileset dir="${sdk.dir}/platforms/${target}">
            <include name="android.jar"/>
        </fileset>
        <fileset dir="libs">
            <include name="**/*.jar"/>
        </fileset>
    </path>
    <taskdef name="db4o-enhance"
             classname="com.db4o.enhance.Db4oEnhancerAntTask"
             classpathref="project.classpath"/>
    <!-- #end example -->
    
    
    <!-- #example: Define a target which runs the task #-->
    <target name="enhance">
        <db4o-enhance classtargetdir="${basedir}/bin/classes"
                      jartargetdir="${basedir}/lib"
                      nq="true" ta="false"
                      collections="false">        	
            <classpath refid="project.classpath"/>
            <sources dir="${basedir}/bin/classes">
                      <include name="**/*.class"/>
            </sources>
        </db4o-enhance>
    </target>
    
    <!-- #end example -->
    
</project>